image,spectogram
./nofire/train/nofire_0021.jpg,./nofire/train/0023.png
./nofire/train/nofire_0689.jpg,./nofire/train/0703.png
./nofire/train/nofire_0680.jpg,./nofire/train/0692.png
./nofire/train/nofire_0457.jpg,./nofire/train/0469.png
./nofire/train/nofire_0209.jpg,./nofire/train/0224.png
./nofire/train/nofire_0916.jpg,./nofire/train/0919.png
./nofire/train/nofire_0339.jpg,./nofire/train/0351.png
./nofire/train/nofire_0268.jpg,./nofire/train/0286.png
./nofire/train/nofire_0384.jpg,./nofire/train/0397.png
./nofire/train/nofire_0460.jpg,./nofire/train/0472.png
./nofire/train/nofire_0524.jpg,./nofire/train/0541.png
./nofire/train/nofire_0927.jpg,./nofire/train/0928.png
./nofire/train/nofire_0377.jpg,./nofire/train/0389.png
./nofire/train/nofire_0236.jpg,./nofire/train/0253.png
./nofire/train/nofire_0881.jpg,./nofire/train/0885.png
./nofire/train/nofire_0325.jpg,./nofire/train/0338.png
./nofire/train/nofire_0505.jpg,./nofire/train/0521.png
./nofire/train/nofire_0108.jpg,./nofire/train/0119.png
./nofire/train/nofire_0159.jpg,./nofire/train/0172.png
./nofire/train/nofire_0650.jpg,./nofire/train/0665.png
./nofire/train/nofire_0698.jpg,./nofire/train/0711.png
./nofire/train/nofire_0435.jpg,./nofire/train/0447.png
./nofire/train/nofire_0570.jpg,./nofire/train/0582.png
./nofire/train/nofire_0723.jpg,./nofire/train/0738.png
./nofire/train/nofire_0533.jpg,./nofire/train/0549.png
./nofire/train/nofire_0704.jpg,./nofire/train/0716.png
./nofire/train/nofire_0637.jpg,./nofire/train/0652.png
./nofire/train/nofire_0171.jpg,./nofire/train/0182.png
./nofire/train/nofire_0138.jpg,./nofire/train/0151.png
./nofire/train/nofire_0507.jpg,./nofire/train/0523.png
./nofire/train/nofire_0537.jpg,./nofire/train/0552.png
./nofire/train/nofire_0475.jpg,./nofire/train/0488.png
./nofire/train/nofire_0558.jpg,./nofire/train/0570.png
./nofire/train/nofire_0694.jpg,./nofire/train/0707.png
./nofire/train/nofire_0003.jpg,./nofire/train/0002.png
./nofire/train/nofire_0600.jpg,./nofire/train/0614.png
./nofire/train/nofire_0260.jpg,./nofire/train/0275.png
./nofire/train/nofire_0722.jpg,./nofire/train/0737.png
./nofire/train/nofire_0055.jpg,./nofire/train/0062.png
./nofire/train/nofire_0360.jpg,./nofire/train/0370.png
./nofire/train/nofire_0337.jpg,./nofire/train/0349.png
./nofire/train/nofire_0078.jpg,./nofire/train/0084.png
./nofire/train/nofire_0284.jpg,./nofire/train/0301.png
./nofire/train/nofire_0675.jpg,./nofire/train/0686.png
./nofire/train/nofire_0424.jpg,./nofire/train/0436.png
./nofire/train/nofire_0173.jpg,./nofire/train/0185.png
./nofire/train/nofire_0419.jpg,./nofire/train/0432.png
./nofire/train/nofire_0095.jpg,./nofire/train/0104.png
./nofire/train/nofire_0633.jpg,./nofire/train/0649.png
./nofire/train/nofire_0134.jpg,./nofire/train/0147.png
./nofire/train/nofire_0030.jpg,./nofire/train/0032.png
./nofire/train/nofire_0907.jpg,./nofire/train/0910.png
./nofire/train/nofire_0737.jpg,./nofire/train/0751.png
./nofire/train/nofire_0634.jpg,./nofire/train/0650.png
./nofire/train/nofire_0745.jpg,./nofire/train/0757.png
./nofire/train/nofire_0401.jpg,./nofire/train/0413.png
./nofire/train/nofire_0444.jpg,./nofire/train/0455.png
./nofire/train/nofire_0857.jpg,./nofire/train/0862.png
./nofire/train/nofire_0356.jpg,./nofire/train/0367.png
./nofire/train/nofire_0353.jpg,./nofire/train/0364.png
./nofire/train/nofire_0676.jpg,./nofire/train/0687.png
./nofire/train/nofire_0063.jpg,./nofire/train/0069.png
./nofire/train/nofire_0404.jpg,./nofire/train/0416.png
./nofire/train/nofire_0666.jpg,./nofire/train/0678.png
./nofire/train/nofire_0939.jpg,./nofire/train/0938.png
./nofire/train/nofire_0937.jpg,./nofire/train/0936.png
./nofire/train/nofire_0062.jpg,./nofire/train/0068.png
./nofire/train/nofire_0442.jpg,./nofire/train/0454.png
./nofire/train/nofire_0253.jpg,./nofire/train/0270.png
./nofire/train/nofire_0681.jpg,./nofire/train/0693.png
./nofire/train/nofire_0515.jpg,./nofire/train/0532.png
./nofire/train/nofire_0902.jpg,./nofire/train/0906.png
./nofire/train/nofire_0274.jpg,./nofire/train/0293.png
./nofire/train/nofire_0224.jpg,./nofire/train/0240.png
./nofire/train/nofire_0803.jpg,./nofire/train/0815.png
./nofire/train/nofire_0849.jpg,./nofire/train/0855.png
./nofire/train/nofire_0165.jpg,./nofire/train/0177.png
./nofire/train/nofire_0643.jpg,./nofire/train/0658.png
./nofire/train/nofire_0944.jpg,./nofire/train/0943.png
./nofire/train/nofire_0071.jpg,./nofire/train/0078.png
./nofire/train/nofire_0609.jpg,./nofire/train/0623.png
./nofire/train/nofire_0768.jpg,./nofire/train/0778.png
./nofire/train/nofire_0330.jpg,./nofire/train/0343.png
./nofire/train/nofire_0266.jpg,./nofire/train/0285.png
./nofire/train/nofire_0888.jpg,./nofire/train/0890.png
./nofire/train/nofire_0472.jpg,./nofire/train/0485.png
./nofire/train/nofire_0319.jpg,./nofire/train/0332.png
./nofire/train/nofire_0307.jpg,./nofire/train/0320.png
./nofire/train/nofire_0645.jpg,./nofire/train/0661.png
./nofire/train/nofire_0164.jpg,./nofire/train/0176.png
./nofire/train/nofire_0889.jpg,./nofire/train/0892.png
./nofire/train/nofire_0532.jpg,./nofire/train/0547.png
./nofire/train/nofire_0182.jpg,./nofire/train/0196.png
./nofire/train/nofire_0371.jpg,./nofire/train/0382.png
./nofire/train/nofire_0534.jpg,./nofire/train/0550.png
./nofire/train/nofire_0875.jpg,./nofire/train/0879.png
./nofire/train/nofire_0592.jpg,./nofire/train/0606.png
./nofire/train/nofire_0320.jpg,./nofire/train/0333.png
./nofire/train/nofire_0755.jpg,./nofire/train/0766.png
./nofire/train/nofire_0470.jpg,./nofire/train/0484.png
./nofire/train/nofire_0639.jpg,./nofire/train/0654.png
./nofire/train/nofire_0116.jpg,./nofire/train/0128.png
./nofire/train/nofire_0568.jpg,./nofire/train/0580.png
./nofire/train/nofire_0818.jpg,./nofire/train/0827.png
./nofire/train/nofire_0578.jpg,./nofire/train/0589.png
./nofire/train/nofire_0750.jpg,./nofire/train/0762.png
./nofire/train/nofire_0554.jpg,./nofire/train/0568.png
./nofire/train/nofire_0763.jpg,./nofire/train/0773.png
./nofire/train/nofire_0367.jpg,./nofire/train/0379.png
./nofire/train/nofire_0673.jpg,./nofire/train/0685.png
./nofire/train/nofire_0297.jpg,./nofire/train/0313.png
./nofire/train/nofire_0188.jpg,./nofire/train/0204.png
./nofire/train/nofire_0945.jpg,./nofire/train/0945.png
./nofire/train/nofire_0520.jpg,./nofire/train/0538.png
./nofire/train/nofire_0106.jpg,./nofire/train/0116.png
./nofire/train/nofire_0946.jpg,./nofire/train/0946.png
./nofire/train/nofire_0779.jpg,./nofire/train/0786.png
./nofire/train/nofire_0656.jpg,./nofire/train/0670.png
./nofire/train/nofire_0700.jpg,./nofire/train/0713.png
./nofire/train/nofire_0917.jpg,./nofire/train/0920.png
./nofire/train/nofire_0154.jpg,./nofire/train/0167.png
./nofire/train/nofire_0223.jpg,./nofire/train/0239.png
./nofire/train/nofire_0324.jpg,./nofire/train/0337.png
./nofire/train/nofire_0392.jpg,./nofire/train/0405.png
./nofire/train/nofire_0156.jpg,./nofire/train/0170.png
./nofire/train/nofire_0941.jpg,./nofire/train/0941.png
./nofire/train/nofire_0089.jpg,./nofire/train/0095.png
./nofire/train/nofire_0135.jpg,./nofire/train/0148.png
./nofire/train/nofire_0282.jpg,./nofire/train/0299.png
./nofire/train/nofire_0073.jpg,./nofire/train/0080.png
./nofire/train/nofire_0157.jpg,./nofire/train/0171.png
./nofire/train/nofire_0033.jpg,./nofire/train/0036.png
./nofire/train/nofire_0909.jpg,./nofire/train/0912.png
./nofire/train/nofire_0529.jpg,./nofire/train/0545.png
./nofire/train/nofire_0017.jpg,./nofire/train/0017.png
./nofire/train/nofire_0166.jpg,./nofire/train/0178.png
./nofire/train/nofire_0572.jpg,./nofire/train/0583.png
./nofire/train/nofire_0610.jpg,./nofire/train/0624.png
./nofire/train/nofire_0143.jpg,./nofire/train/0157.png
./nofire/train/nofire_0362.jpg,./nofire/train/0372.png
./nofire/train/nofire_0208.jpg,./nofire/train/0223.png
./nofire/train/nofire_0034.jpg,./nofire/train/0037.png
./nofire/train/nofire_0070.jpg,./nofire/train/0077.png
./nofire/train/nofire_0285.jpg,./nofire/train/0302.png
./nofire/train/nofire_0566.jpg,./nofire/train/0578.png
./nofire/train/nofire_0272.jpg,./nofire/train/0290.png
./nofire/train/nofire_0141.jpg,./nofire/train/0155.png
./nofire/train/nofire_0122.jpg,./nofire/train/0137.png
./nofire/train/nofire_0744.jpg,./nofire/train/0756.png
./nofire/train/nofire_0049.jpg,./nofire/train/0057.png
./nofire/train/nofire_0784.jpg,./nofire/train/0793.png
./nofire/train/nofire_0479.jpg,./nofire/train/0495.png
./nofire/train/nofire_0304.jpg,./nofire/train/0318.png
./nofire/train/nofire_0383.jpg,./nofire/train/0396.png
./nofire/train/nofire_0317.jpg,./nofire/train/0331.png
./nofire/train/nofire_0169.jpg,./nofire/train/0180.png
./nofire/train/nofire_0190.jpg,./nofire/train/0206.png
./nofire/train/nofire_0183.jpg,./nofire/train/0197.png
./nofire/train/nofire_0720.jpg,./nofire/train/0735.png
./nofire/train/nofire_0027.jpg,./nofire/train/0029.png
./nofire/train/nofire_0175.jpg,./nofire/train/0187.png
./nofire/train/nofire_0130.jpg,./nofire/train/0144.png
./nofire/train/nofire_0016.jpg,./nofire/train/0015.png
./nofire/train/nofire_0717.jpg,./nofire/train/0731.png
./nofire/train/nofire_0530.jpg,./nofire/train/0546.png
./nofire/train/nofire_0248.jpg,./nofire/train/0263.png
./nofire/train/nofire_0247.jpg,./nofire/train/0262.png
./nofire/train/nofire_0289.jpg,./nofire/train/0307.png
./nofire/train/nofire_0276.jpg,./nofire/train/0294.png
./nofire/train/nofire_0279.jpg,./nofire/train/0297.png
./nofire/train/nofire_0142.jpg,./nofire/train/0156.png
./nofire/train/nofire_0185.jpg,./nofire/train/0198.png
./nofire/train/nofire_0772.jpg,./nofire/train/0781.png
./nofire/train/nofire_0207.jpg,./nofire/train/0222.png
./nofire/train/nofire_0342.jpg,./nofire/train/0353.png
./nofire/train/nofire_0293.jpg,./nofire/train/0310.png
./nofire/train/nofire_0296.jpg,./nofire/train/0312.png
./nofire/train/nofire_0754.jpg,./nofire/train/0765.png
./nofire/train/nofire_0490.jpg,./nofire/train/0508.png
./nofire/train/nofire_0194.jpg,./nofire/train/0209.png
./nofire/train/nofire_0245.jpg,./nofire/train/0261.png
./nofire/train/nofire_0715.jpg,./nofire/train/0726.png
./nofire/train/nofire_0748.jpg,./nofire/train/0760.png
./nofire/train/nofire_0458.jpg,./nofire/train/0470.png
./nofire/train/nofire_0036.jpg,./nofire/train/0039.png
./nofire/train/nofire_0011.jpg,./nofire/train/0009.png
./nofire/train/nofire_0836.jpg,./nofire/train/0843.png
./nofire/train/nofire_0341.jpg,./nofire/train/0352.png
./nofire/train/nofire_0826.jpg,./nofire/train/0834.png
./nofire/train/nofire_0497.jpg,./nofire/train/0513.png
./nofire/train/nofire_0865.jpg,./nofire/train/0870.png
./nofire/train/nofire_0092.jpg,./nofire/train/0099.png
./nofire/train/nofire_0496.jpg,./nofire/train/0512.png
./nofire/train/nofire_0046.jpg,./nofire/train/0052.png
./nofire/train/nofire_0072.jpg,./nofire/train/0079.png
./nofire/train/nofire_0802.jpg,./nofire/train/0814.png
./nofire/train/nofire_0198.jpg,./nofire/train/0212.png
./nofire/train/nofire_0316.jpg,./nofire/train/0330.png
./nofire/train/nofire_0303.jpg,./nofire/train/0317.png
./nofire/train/nofire_0915.jpg,./nofire/train/0918.png
./nofire/train/nofire_0659.jpg,./nofire/train/0672.png
./nofire/train/nofire_0077.jpg,./nofire/train/0083.png
./nofire/train/nofire_0376.jpg,./nofire/train/0387.png
./nofire/train/nofire_0162.jpg,./nofire/train/0174.png
./nofire/train/nofire_0794.jpg,./nofire/train/0805.png
./nofire/train/nofire_0397.jpg,./nofire/train/0409.png
./nofire/train/nofire_0882.jpg,./nofire/train/0886.png
./nofire/train/nofire_0622.jpg,./nofire/train/0639.png
./nofire/train/nofire_0838.jpg,./nofire/train/0846.png
./nofire/train/nofire_0176.jpg,./nofire/train/0188.png
./nofire/train/nofire_0798.jpg,./nofire/train/0809.png
./nofire/train/nofire_0658.jpg,./nofire/train/0671.png
./nofire/train/nofire_0386.jpg,./nofire/train/0399.png
./nofire/train/nofire_0834.jpg,./nofire/train/0839.png
./nofire/train/nofire_0795.jpg,./nofire/train/0806.png
./nofire/train/nofire_0111.jpg,./nofire/train/0122.png
./nofire/train/nofire_0232.jpg,./nofire/train/0247.png
./nofire/train/nofire_0113.jpg,./nofire/train/0123.png
./nofire/train/nofire_0104.jpg,./nofire/train/0114.png
./nofire/train/nofire_0137.jpg,./nofire/train/0150.png
./nofire/train/nofire_0445.jpg,./nofire/train/0456.png
./nofire/train/nofire_0347.jpg,./nofire/train/0357.png
./nofire/train/nofire_0942.jpg,./nofire/train/0942.png
./nofire/train/nofire_0820.jpg,./nofire/train/0828.png
./nofire/train/nofire_0286.jpg,./nofire/train/0304.png
./nofire/train/nofire_0837.jpg,./nofire/train/0844.png
./nofire/train/nofire_0038.jpg,./nofire/train/0041.png
./nofire/train/nofire_0830.jpg,./nofire/train/0837.png
./nofire/train/nofire_0075.jpg,./nofire/train/0082.png
./nofire/train/nofire_0583.jpg,./nofire/train/0593.png
./nofire/train/nofire_0594.jpg,./nofire/train/0607.png
./nofire/train/nofire_0271.jpg,./nofire/train/0288.png
./nofire/train/nofire_0082.jpg,./nofire/train/0088.png
./nofire/train/nofire_0799.jpg,./nofire/train/0811.png
./nofire/train/nofire_0815.jpg,./nofire/train/0825.png
./nofire/train/nofire_0423.jpg,./nofire/train/0435.png
./nofire/train/nofire_0832.jpg,./nofire/train/0838.png
./nofire/train/nofire_0463.jpg,./nofire/train/0476.png
./nofire/train/nofire_0364.jpg,./nofire/train/0376.png
./nofire/train/nofire_0434.jpg,./nofire/train/0446.png
./nofire/train/nofire_0105.jpg,./nofire/train/0115.png
./nofire/train/nofire_0412.jpg,./nofire/train/0422.png
./nofire/train/nofire_0452.jpg,./nofire/train/0465.png
./nofire/train/nofire_0262.jpg,./nofire/train/0281.png
./nofire/train/nofire_0291.jpg,./nofire/train/0309.png
./nofire/train/nofire_0086.jpg,./nofire/train/0092.png
./nofire/train/nofire_0868.jpg,./nofire/train/0872.png
./nofire/train/nofire_0632.jpg,./nofire/train/0648.png
./nofire/train/nofire_0177.jpg,./nofire/train/0189.png
./nofire/train/nofire_0885.jpg,./nofire/train/0888.png
./nofire/train/nofire_0807.jpg,./nofire/train/0818.png
./nofire/train/nofire_0940.jpg,./nofire/train/0939.png
./nofire/train/nofire_0044.jpg,./nofire/train/0049.png
./nofire/train/nofire_0861.jpg,./nofire/train/0866.png
./nofire/train/nofire_0584.jpg,./nofire/train/0595.png
./nofire/train/nofire_0821.jpg,./nofire/train/0829.png
./nofire/train/nofire_0312.jpg,./nofire/train/0326.png
./nofire/train/nofire_0683.jpg,./nofire/train/0696.png
./nofire/train/nofire_0895.jpg,./nofire/train/0898.png
./nofire/train/nofire_0473.jpg,./nofire/train/0486.png
./nofire/train/nofire_0556.jpg,./nofire/train/0569.png
./nofire/train/nofire_0510.jpg,./nofire/train/0528.png
./nofire/train/nofire_0929.jpg,./nofire/train/0930.png
./nofire/train/nofire_0333.jpg,./nofire/train/0345.png
./nofire/train/nofire_0264.jpg,./nofire/train/0283.png
./nofire/train/nofire_0369.jpg,./nofire/train/0381.png
./nofire/train/nofire_0080.jpg,./nofire/train/0087.png
./nofire/train/nofire_0465.jpg,./nofire/train/0479.png
./nofire/train/nofire_0498.jpg,./nofire/train/0515.png
./nofire/train/nofire_0731.jpg,./nofire/train/0745.png
./nofire/train/nofire_0544.jpg,./nofire/train/0557.png
./nofire/train/nofire_0031.jpg,./nofire/train/0033.png
./nofire/train/nofire_0782.jpg,./nofire/train/0790.png
./nofire/train/nofire_0760.jpg,./nofire/train/0771.png
./nofire/train/nofire_0066.jpg,./nofire/train/0073.png
./nofire/train/nofire_0456.jpg,./nofire/train/0468.png
./nofire/train/nofire_0756.jpg,./nofire/train/0768.png
./nofire/train/nofire_0924.jpg,./nofire/train/0925.png
./nofire/train/nofire_0769.jpg,./nofire/train/0779.png
./nofire/train/nofire_0195.jpg,./nofire/train/0210.png
./nofire/train/nofire_0707.jpg,./nofire/train/0720.png
./nofire/train/nofire_0581.jpg,./nofire/train/0591.png
./nofire/train/nofire_0189.jpg,./nofire/train/0205.png
./nofire/train/nofire_0585.jpg,./nofire/train/0598.png
./nofire/train/nofire_0866.jpg,./nofire/train/0871.png
./nofire/train/nofire_0131.jpg,./nofire/train/0145.png
./nofire/train/nofire_0026.jpg,./nofire/train/0028.png
./nofire/train/nofire_0876.jpg,./nofire/train/0880.png
./nofire/train/nofire_0040.jpg,./nofire/train/0043.png
./nofire/train/nofire_0569.jpg,./nofire/train/0581.png
./nofire/train/nofire_0913.jpg,./nofire/train/0916.png
./nofire/train/nofire_0922.jpg,./nofire/train/0923.png
./nofire/train/nofire_0093.jpg,./nofire/train/0100.png
./nofire/train/nofire_0740.jpg,./nofire/train/0753.png
./nofire/train/nofire_0898.jpg,./nofire/train/0903.png
./nofire/train/nofire_0199.jpg,./nofire/train/0213.png
./nofire/train/nofire_0390.jpg,./nofire/train/0403.png
./nofire/train/nofire_0015.jpg,./nofire/train/0012.png
./nofire/train/nofire_0074.jpg,./nofire/train/0081.png
./nofire/train/nofire_0310.jpg,./nofire/train/0323.png
./nofire/train/nofire_0628.jpg,./nofire/train/0645.png
./nofire/train/nofire_0327.jpg,./nofire/train/0339.png
./nofire/train/nofire_0455.jpg,./nofire/train/0467.png
./nofire/train/nofire_0824.jpg,./nofire/train/0832.png
./nofire/train/nofire_0052.jpg,./nofire/train/0059.png
./nofire/train/nofire_0450.jpg,./nofire/train/0461.png
./nofire/train/nofire_0468.jpg,./nofire/train/0482.png
./nofire/train/nofire_0287.jpg,./nofire/train/0305.png
./nofire/train/nofire_0626.jpg,./nofire/train/0643.png
./nofire/train/nofire_0618.jpg,./nofire/train/0635.png
./nofire/train/nofire_0925.jpg,./nofire/train/0926.png
./nofire/train/nofire_0430.jpg,./nofire/train/0443.png
./nofire/train/nofire_0620.jpg,./nofire/train/0637.png
./nofire/train/nofire_0486.jpg,./nofire/train/0503.png
./nofire/train/nofire_0416.jpg,./nofire/train/0427.png
./nofire/train/nofire_0612.jpg,./nofire/train/0625.png
./nofire/train/nofire_0428.jpg,./nofire/train/0440.png
./nofire/train/nofire_0466.jpg,./nofire/train/0480.png
./nofire/train/nofire_0222.jpg,./nofire/train/0238.png
./nofire/train/nofire_0502.jpg,./nofire/train/0518.png
./nofire/train/nofire_0087.jpg,./nofire/train/0093.png
./nofire/train/nofire_0806.jpg,./nofire/train/0817.png
./nofire/train/nofire_0864.jpg,./nofire/train/0869.png
./nofire/train/nofire_0233.jpg,./nofire/train/0248.png
./nofire/train/nofire_0903.jpg,./nofire/train/0907.png
./nofire/train/nofire_0129.jpg,./nofire/train/0143.png
./nofire/train/nofire_0079.jpg,./nofire/train/0086.png
./nofire/train/nofire_0853.jpg,./nofire/train/0859.png
./nofire/train/nofire_0469.jpg,./nofire/train/0483.png
./nofire/train/nofire_0506.jpg,./nofire/train/0522.png
./nofire/train/nofire_0227.jpg,./nofire/train/0242.png
./nofire/train/nofire_0933.jpg,./nofire/train/0933.png
./nofire/train/nofire_0804.jpg,./nofire/train/0816.png
./nofire/train/nofire_0706.jpg,./nofire/train/0719.png
./nofire/train/nofire_0395.jpg,./nofire/train/0407.png
./nofire/train/nofire_0118.jpg,./nofire/train/0130.png
./nofire/train/nofire_0561.jpg,./nofire/train/0573.png
./nofire/train/nofire_0091.jpg,./nofire/train/0096.png
./nofire/train/nofire_0638.jpg,./nofire/train/0653.png
./nofire/train/nofire_0919.jpg,./nofire/train/0921.png
./nofire/train/nofire_0229.jpg,./nofire/train/0244.png
./nofire/train/nofire_0654.jpg,./nofire/train/0668.png
./nofire/train/nofire_0335.jpg,./nofire/train/0348.png
./nofire/train/nofire_0598.jpg,./nofire/train/0612.png
./nofire/train/nofire_0107.jpg,./nofire/train/0118.png
./nofire/train/nofire_0085.jpg,./nofire/train/0090.png
./nofire/train/nofire_0061.jpg,./nofire/train/0067.png
./nofire/train/nofire_0644.jpg,./nofire/train/0659.png
./nofire/train/nofire_0067.jpg,./nofire/train/0074.png
./nofire/train/nofire_0602.jpg,./nofire/train/0617.png
./nofire/train/nofire_0250.jpg,./nofire/train/0267.png
./nofire/train/nofire_0234.jpg,./nofire/train/0251.png
./nofire/train/nofire_0145.jpg,./nofire/train/0159.png
./nofire/train/nofire_0329.jpg,./nofire/train/0342.png
./nofire/train/nofire_0525.jpg,./nofire/train/0542.png
./nofire/train/nofire_0009.jpg,./nofire/train/0008.png
./nofire/train/nofire_0124.jpg,./nofire/train/0140.png
./nofire/train/nofire_0025.jpg,./nofire/train/0027.png
./nofire/train/nofire_0822.jpg,./nofire/train/0830.png
./nofire/train/nofire_0504.jpg,./nofire/train/0520.png
./nofire/train/nofire_0523.jpg,./nofire/train/0540.png
./nofire/train/nofire_0687.jpg,./nofire/train/0700.png
./nofire/train/nofire_0068.jpg,./nofire/train/0075.png
./nofire/train/nofire_0099.jpg,./nofire/train/0108.png
./nofire/train/nofire_0567.jpg,./nofire/train/0579.png
./nofire/train/nofire_0144.jpg,./nofire/train/0158.png
./nofire/train/nofire_0258.jpg,./nofire/train/0274.png
./nofire/train/nofire_0288.jpg,./nofire/train/0306.png
./nofire/train/nofire_0923.jpg,./nofire/train/0924.png
./nofire/train/nofire_0671.jpg,./nofire/train/0683.png
./nofire/train/nofire_0759.jpg,./nofire/train/0770.png
./nofire/train/nofire_0835.jpg,./nofire/train/0840.png
./nofire/train/nofire_0843.jpg,./nofire/train/0849.png
./nofire/train/nofire_0870.jpg,./nofire/train/0874.png
./nofire/train/nofire_0402.jpg,./nofire/train/0414.png
./nofire/train/nofire_0539.jpg,./nofire/train/0553.png
./nofire/train/nofire_0660.jpg,./nofire/train/0673.png
./nofire/train/nofire_0494.jpg,./nofire/train/0511.png
./nofire/train/nofire_0028.jpg,./nofire/train/0030.png
./nofire/train/nofire_0261.jpg,./nofire/train/0279.png
./nofire/train/nofire_0751.jpg,./nofire/train/0763.png
./nofire/train/nofire_0133.jpg,./nofire/train/0146.png
./nofire/train/nofire_0892.jpg,./nofire/train/0895.png
./nofire/train/nofire_0575.jpg,./nofire/train/0586.png
./nofire/train/nofire_0780.jpg,./nofire/train/0789.png
./nofire/train/nofire_0685.jpg,./nofire/train/0699.png
./nofire/train/nofire_0004.jpg,./nofire/train/0004.png
./nofire/train/nofire_0573.jpg,./nofire/train/0585.png
./nofire/train/nofire_0904.jpg,./nofire/train/0908.png
./nofire/train/nofire_0721.jpg,./nofire/train/0736.png
./nofire/train/nofire_0406.jpg,./nofire/train/0417.png
./nofire/train/nofire_0096.jpg,./nofire/train/0106.png
./nofire/train/nofire_0058.jpg,./nofire/train/0065.png
./nofire/train/nofire_0812.jpg,./nofire/train/0822.png
./nofire/train/nofire_0002.jpg,./nofire/train/0001.png
./nofire/train/nofire_0811.jpg,./nofire/train/0821.png
./nofire/train/nofire_0385.jpg,./nofire/train/0398.png
./nofire/train/nofire_0439.jpg,./nofire/train/0451.png
./nofire/train/nofire_0484.jpg,./nofire/train/0500.png
./nofire/train/nofire_0543.jpg,./nofire/train/0556.png
./nofire/train/nofire_0705.jpg,./nofire/train/0717.png
./nofire/train/nofire_0825.jpg,./nofire/train/0833.png
./nofire/train/nofire_0451.jpg,./nofire/train/0464.png
./nofire/train/nofire_0900.jpg,./nofire/train/0904.png
./nofire/train/nofire_0493.jpg,./nofire/train/0510.png
./nofire/train/nofire_0294.jpg,./nofire/train/0311.png
./nofire/train/nofire_0816.jpg,./nofire/train/0826.png
./nofire/train/nofire_0064.jpg,./nofire/train/0070.png
./nofire/train/nofire_0793.jpg,./nofire/train/0802.png
./nofire/train/nofire_0949.jpg,./nofire/train/0948.png
./nofire/train/nofire_0536.jpg,./nofire/train/0551.png
./nofire/train/nofire_0770.jpg,./nofire/train/0780.png
./nofire/train/nofire_0323.jpg,./nofire/train/0335.png
./nofire/train/nofire_0710.jpg,./nofire/train/0722.png
./nofire/train/nofire_0352.jpg,./nofire/train/0362.png
./nofire/train/nofire_0396.jpg,./nofire/train/0408.png
./nofire/train/nofire_0563.jpg,./nofire/train/0576.png
./nofire/train/nofire_0481.jpg,./nofire/train/0498.png
./nofire/train/nofire_0368.jpg,./nofire/train/0380.png
./nofire/train/nofire_0024.jpg,./nofire/train/0026.png
./nofire/train/nofire_0453.jpg,./nofire/train/0466.png
./nofire/train/nofire_0640.jpg,./nofire/train/0655.png
./nofire/train/nofire_0591.jpg,./nofire/train/0605.png
./nofire/train/nofire_0521.jpg,./nofire/train/0539.png
./nofire/train/nofire_0203.jpg,./nofire/train/0219.png
./nofire/train/nofire_0845.jpg,./nofire/train/0851.png
./nofire/train/nofire_0896.jpg,./nofire/train/0900.png
./nofire/train/nofire_0492.jpg,./nofire/train/0509.png
./nofire/train/nofire_0883.jpg,./nofire/train/0887.png
./nofire/train/nofire_0873.jpg,./nofire/train/0877.png
./nofire/train/nofire_0839.jpg,./nofire/train/0847.png
./nofire/train/nofire_0576.jpg,./nofire/train/0587.png
./nofire/train/nofire_0388.jpg,./nofire/train/0402.png
./nofire/train/nofire_0343.jpg,./nofire/train/0355.png
./nofire/train/nofire_0549.jpg,./nofire/train/0562.png
./nofire/train/nofire_0150.jpg,./nofire/train/0164.png
./nofire/train/nofire_0374.jpg,./nofire/train/0384.png
./nofire/train/nofire_0060.jpg,./nofire/train/0066.png
./nofire/train/nofire_0670.jpg,./nofire/train/0682.png
./nofire/train/nofire_0433.jpg,./nofire/train/0445.png
./nofire/train/nofire_0848.jpg,./nofire/train/0854.png
./nofire/train/nofire_0726.jpg,./nofire/train/0740.png
./nofire/train/nofire_0766.jpg,./nofire/train/0777.png
./nofire/train/nofire_0588.jpg,./nofire/train/0602.png
./nofire/train/nofire_0013.jpg,./nofire/train/0010.png
./nofire/train/nofire_0487.jpg,./nofire/train/0504.png
./nofire/train/nofire_0790.jpg,./nofire/train/0800.png
./nofire/train/nofire_0678.jpg,./nofire/train/0690.png
./nofire/train/nofire_0546.jpg,./nofire/train/0560.png
./nofire/train/nofire_0007.jpg,./nofire/train/0006.png
./nofire/train/nofire_0758.jpg,./nofire/train/0769.png
./nofire/train/nofire_0151.jpg,./nofire/train/0165.png
./nofire/train/nofire_0381.jpg,./nofire/train/0394.png
./nofire/train/nofire_0624.jpg,./nofire/train/0640.png
./nofire/train/nofire_0283.jpg,./nofire/train/0300.png
./nofire/train/nofire_0852.jpg,./nofire/train/0857.png
./nofire/train/nofire_0814.jpg,./nofire/train/0824.png
./nofire/train/nofire_0587.jpg,./nofire/train/0601.png
./nofire/train/nofire_0597.jpg,./nofire/train/0611.png
./nofire/train/nofire_0205.jpg,./nofire/train/0221.png
./nofire/train/nofire_0136.jpg,./nofire/train/0149.png
./nofire/train/nofire_0114.jpg,./nofire/train/0124.png
./nofire/train/nofire_0603.jpg,./nofire/train/0618.png
./nofire/train/nofire_0928.jpg,./nofire/train/0929.png
./nofire/train/nofire_0761.jpg,./nofire/train/0772.png
./nofire/train/nofire_0668.jpg,./nofire/train/0681.png
./nofire/train/nofire_0290.jpg,./nofire/train/0308.png
./nofire/train/nofire_0042.jpg,./nofire/train/0046.png
./nofire/train/nofire_0238.jpg,./nofire/train/0254.png
./nofire/train/nofire_0649.jpg,./nofire/train/0664.png
./nofire/train/nofire_0065.jpg,./nofire/train/0072.png
./nofire/train/nofire_0448.jpg,./nofire/train/0459.png
./nofire/train/nofire_0607.jpg,./nofire/train/0622.png
./nofire/train/nofire_0501.jpg,./nofire/train/0517.png
./nofire/train/nofire_0516.jpg,./nofire/train/0533.png
./nofire/train/nofire_0672.jpg,./nofire/train/0684.png
./nofire/train/nofire_0690.jpg,./nofire/train/0704.png
./nofire/train/nofire_0018.jpg,./nofire/train/0018.png
./nofire/train/nofire_0313.jpg,./nofire/train/0327.png
./nofire/train/nofire_0280.jpg,./nofire/train/0298.png
./nofire/train/nofire_0121.jpg,./nofire/train/0136.png
./nofire/train/nofire_0056.jpg,./nofire/train/0063.png
./nofire/train/nofire_0155.jpg,./nofire/train/0168.png
./nofire/train/nofire_0877.jpg,./nofire/train/0881.png
./nofire/train/nofire_0625.jpg,./nofire/train/0641.png
./nofire/train/nofire_0382.jpg,./nofire/train/0395.png
./nofire/train/nofire_0204.jpg,./nofire/train/0220.png
./nofire/train/nofire_0242.jpg,./nofire/train/0257.png
./nofire/train/nofire_0776.jpg,./nofire/train/0784.png
./nofire/train/nofire_0886.jpg,./nofire/train/0889.png
./nofire/train/nofire_0764.jpg,./nofire/train/0774.png
./nofire/train/nofire_0605.jpg,./nofire/train/0620.png
./nofire/train/nofire_0201.jpg,./nofire/train/0215.png
./nofire/train/nofire_0713.jpg,./nofire/train/0725.png
./nofire/train/nofire_0614.jpg,./nofire/train/0631.png
./nofire/train/nofire_0387.jpg,./nofire/train/0400.png
./nofire/train/nofire_0420.jpg,./nofire/train/0433.png
./nofire/train/nofire_0218.jpg,./nofire/train/0234.png
./nofire/train/nofire_0407.jpg,./nofire/train/0418.png
./nofire/train/nofire_0684.jpg,./nofire/train/0698.png
./nofire/train/nofire_0741.jpg,./nofire/train/0754.png
./nofire/train/nofire_0709.jpg,./nofire/train/0721.png
./nofire/train/nofire_0893.jpg,./nofire/train/0896.png
./nofire/train/nofire_0008.jpg,./nofire/train/0007.png
./nofire/train/nofire_0226.jpg,./nofire/train/0241.png
./nofire/train/nofire_0797.jpg,./nofire/train/0807.png
./nofire/train/nofire_0120.jpg,./nofire/train/0135.png
./nofire/train/nofire_0661.jpg,./nofire/train/0674.png
./nofire/train/nofire_0215.jpg,./nofire/train/0231.png
./nofire/train/nofire_0692.jpg,./nofire/train/0705.png
./nofire/train/nofire_0648.jpg,./nofire/train/0663.png
./nofire/train/nofire_0485.jpg,./nofire/train/0502.png
./nofire/train/nofire_0702.jpg,./nofire/train/0714.png
./nofire/train/nofire_0716.jpg,./nofire/train/0728.png
./nofire/train/nofire_0912.jpg,./nofire/train/0914.png
./nofire/train/nofire_0019.jpg,./nofire/train/0019.png
./nofire/train/nofire_0545.jpg,./nofire/train/0559.png
./nofire/train/nofire_0697.jpg,./nofire/train/0710.png
./nofire/train/nofire_0677.jpg,./nofire/train/0688.png
./nofire/train/nofire_0181.jpg,./nofire/train/0195.png
./nofire/train/nofire_0699.jpg,./nofire/train/0712.png
./nofire/train/nofire_0300.jpg,./nofire/train/0315.png
./nofire/train/nofire_0263.jpg,./nofire/train/0282.png
./nofire/train/nofire_0801.jpg,./nofire/train/0812.png
./nofire/train/nofire_0736.jpg,./nofire/train/0749.png
./nofire/train/nofire_0148.jpg,./nofire/train/0161.png
./nofire/train/nofire_0217.jpg,./nofire/train/0233.png
./nofire/train/nofire_0308.jpg,./nofire/train/0321.png
./nofire/train/nofire_0725.jpg,./nofire/train/0739.png
./nofire/train/nofire_0350.jpg,./nofire/train/0360.png
./nofire/train/nofire_0398.jpg,./nofire/train/0410.png
./nofire/train/nofire_0856.jpg,./nofire/train/0861.png
./nofire/train/nofire_0719.jpg,./nofire/train/0734.png
./nofire/train/nofire_0331.jpg,./nofire/train/0344.png
./nofire/train/nofire_0786.jpg,./nofire/train/0794.png
./nofire/train/nofire_0586.jpg,./nofire/train/0599.png
./nofire/train/nofire_0193.jpg,./nofire/train/0208.png
./nofire/train/nofire_0380.jpg,./nofire/train/0392.png
./nofire/train/nofire_0871.jpg,./nofire/train/0876.png
./nofire/train/nofire_0552.jpg,./nofire/train/0566.png
./nofire/train/nofire_0792.jpg,./nofire/train/0801.png
./nofire/train/nofire_0663.jpg,./nofire/train/0676.png
./nofire/train/nofire_0693.jpg,./nofire/train/0706.png
./nofire/train/nofire_0446.jpg,./nofire/train/0458.png
./nofire/train/nofire_0773.jpg,./nofire/train/0782.png
./nofire/train/nofire_0257.jpg,./nofire/train/0273.png
./nofire/train/nofire_0251.jpg,./nofire/train/0269.png
./nofire/train/nofire_0301.jpg,./nofire/train/0316.png
./nofire/train/nofire_0613.jpg,./nofire/train/0629.png
./nofire/train/nofire_0449.jpg,./nofire/train/0460.png
./nofire/train/nofire_0734.jpg,./nofire/train/0747.png
./nofire/train/nofire_0788.jpg,./nofire/train/0796.png
./nofire/train/nofire_0409.jpg,./nofire/train/0420.png
./nofire/train/nofire_0908.jpg,./nofire/train/0911.png
./nofire/train/nofire_0577.jpg,./nofire/train/0588.png
./nofire/train/nofire_0844.jpg,./nofire/train/0850.png
./nofire/train/nofire_0728.jpg,./nofire/train/0743.png
./nofire/train/nofire_0579.jpg,./nofire/train/0590.png
./nofire/train/nofire_0023.jpg,./nofire/train/0025.png
./nofire/train/nofire_0047.jpg,./nofire/train/0054.png
./nofire/train/nofire_0514.jpg,./nofire/train/0531.png
./nofire/train/nofire_0665.jpg,./nofire/train/0677.png
./nofire/train/nofire_0783.jpg,./nofire/train/0792.png
./nofire/train/nofire_0163.jpg,./nofire/train/0175.png
./nofire/train/nofire_0187.jpg,./nofire/train/0201.png
./nofire/train/nofire_0306.jpg,./nofire/train/0319.png
./nofire/train/nofire_0220.jpg,./nofire/train/0235.png
./nofire/train/nofire_0216.jpg,./nofire/train/0232.png
./nofire/train/nofire_0050.jpg,./nofire/train/0058.png
./nofire/train/nofire_0269.jpg,./nofire/train/0287.png
./nofire/train/nofire_0478.jpg,./nofire/train/0492.png
./nofire/train/nofire_0631.jpg,./nofire/train/0647.png
./nofire/train/nofire_0562.jpg,./nofire/train/0574.png
./nofire/train/nofire_0727.jpg,./nofire/train/0742.png
./nofire/train/nofire_0749.jpg,./nofire/train/0761.png
./nofire/train/nofire_0765.jpg,./nofire/train/0775.png
./nofire/train/nofire_0550.jpg,./nofire/train/0563.png
./nofire/train/nofire_0361.jpg,./nofire/train/0371.png
./nofire/train/nofire_0777.jpg,./nofire/train/0785.png
./nofire/train/nofire_0197.jpg,./nofire/train/0211.png
./nofire/train/nofire_0240.jpg,./nofire/train/0256.png
./nofire/train/nofire_0859.jpg,./nofire/train/0864.png
./nofire/train/nofire_0048.jpg,./nofire/train/0055.png
./nofire/train/nofire_0022.jpg,./nofire/train/0024.png
./nofire/train/nofire_0053.jpg,./nofire/train/0060.png
./nofire/train/nofire_0186.jpg,./nofire/train/0199.png
./nofire/train/nofire_0119.jpg,./nofire/train/0133.png
./nofire/train/nofire_0512.jpg,./nofire/train/0530.png
./nofire/train/nofire_0518.jpg,./nofire/train/0535.png
./nofire/train/nofire_0109.jpg,./nofire/train/0120.png
./nofire/train/nofire_0517.jpg,./nofire/train/0534.png
./nofire/train/nofire_0214.jpg,./nofire/train/0230.png
./nofire/train/nofire_0910.jpg,./nofire/train/0913.png
./nofire/train/nofire_0905.jpg,./nofire/train/0909.png
./nofire/train/nofire_0617.jpg,./nofire/train/0634.png
./nofire/train/nofire_0703.jpg,./nofire/train/0715.png
./nofire/train/nofire_0932.jpg,./nofire/train/0932.png
./nofire/train/nofire_0334.jpg,./nofire/train/0346.png
./nofire/train/nofire_0309.jpg,./nofire/train/0322.png
./nofire/train/nofire_0391.jpg,./nofire/train/0404.png
./nofire/train/nofire_0351.jpg,./nofire/train/0361.png
./nofire/train/nofire_0110.jpg,./nofire/train/0121.png
./nofire/train/nofire_0178.jpg,./nofire/train/0190.png
./nofire/train/nofire_0321.jpg,./nofire/train/0334.png
./nofire/train/nofire_0421.jpg,./nofire/train/0434.png
./nofire/train/nofire_0117.jpg,./nofire/train/0129.png
./nofire/train/nofire_0854.jpg,./nofire/train/0860.png
./nofire/train/nofire_0100.jpg,./nofire/train/0111.png
./nofire/train/nofire_0043.jpg,./nofire/train/0048.png
./nofire/train/nofire_0914.jpg,./nofire/train/0917.png
./nofire/train/nofire_0127.jpg,./nofire/train/0142.png
./nofire/train/nofire_0732.jpg,./nofire/train/0746.png
./nofire/train/nofire_0712.jpg,./nofire/train/0724.png
./nofire/train/nofire_0462.jpg,./nofire/train/0475.png
./nofire/train/nofire_0829.jpg,./nofire/train/0836.png
./nofire/train/nofire_0667.jpg,./nofire/train/0680.png
./nofire/train/nofire_0338.jpg,./nofire/train/0350.png
./nofire/train/nofire_0488.jpg,./nofire/train/0507.png
./nofire/train/nofire_0901.jpg,./nofire/train/0905.png
./nofire/train/nofire_0738.jpg,./nofire/train/0752.png
./nofire/train/nofire_0101.jpg,./nofire/train/0112.png
./nofire/train/nofire_0037.jpg,./nofire/train/0040.png
./nofire/train/nofire_0315.jpg,./nofire/train/0328.png
./nofire/train/nofire_0221.jpg,./nofire/train/0237.png
./nofire/train/nofire_0850.jpg,./nofire/train/0856.png
./nofire/train/nofire_0153.jpg,./nofire/train/0166.png
./nofire/train/nofire_0358.jpg,./nofire/train/0368.png
./nofire/train/nofire_0432.jpg,./nofire/train/0444.png
./nofire/train/nofire_0394.jpg,./nofire/train/0406.png
./nofire/train/nofire_0265.jpg,./nofire/train/0284.png
./nofire/train/nofire_0548.jpg,./nofire/train/0561.png
./nofire/train/nofire_0601.jpg,./nofire/train/0615.png
./nofire/train/nofire_0191.jpg,./nofire/train/0207.png
./nofire/train/nofire_0641.jpg,./nofire/train/0656.png
./nofire/train/nofire_0621.jpg,./nofire/train/0638.png
./nofire/train/nofire_0413.jpg,./nofire/train/0424.png
./nofire/train/nofire_0035.jpg,./nofire/train/0038.png
./nofire/train/nofire_0146.jpg,./nofire/train/0160.png
./nofire/train/nofire_0441.jpg,./nofire/train/0453.png
./nofire/train/nofire_0139.jpg,./nofire/train/0154.png
./nofire/train/nofire_0149.jpg,./nofire/train/0162.png
./nofire/train/nofire_0461.jpg,./nofire/train/0473.png
./nofire/train/nofire_0616.jpg,./nofire/train/0633.png
./nofire/train/nofire_0045.jpg,./nofire/train/0051.png
./nofire/train/nofire_0595.jpg,./nofire/train/0609.png
./nofire/train/nofire_0950.jpg,./nofire/train/0949.png
./nofire/train/nofire_0655.jpg,./nofire/train/0669.png
./nofire/train/nofire_0437.jpg,./nofire/train/0449.png
./nofire/train/nofire_0477.jpg,./nofire/train/0491.png
./nofire/train/nofire_0646.jpg,./nofire/train/0662.png
./nofire/train/nofire_0560.jpg,./nofire/train/0572.png
./nofire/train/nofire_0869.jpg,./nofire/train/0873.png
./nofire/train/nofire_0936.jpg,./nofire/train/0935.png
./nofire/train/nofire_0604.jpg,./nofire/train/0619.png
./nofire/train/nofire_0735.jpg,./nofire/train/0748.png
./nofire/train/nofire_0277.jpg,./nofire/train/0296.png
./nofire/train/nofire_0841.jpg,./nofire/train/0848.png
./nofire/train/nofire_0373.jpg,./nofire/train/0383.png
./nofire/train/nofire_0511.jpg,./nofire/train/0529.png
./nofire/train/nofire_0440.jpg,./nofire/train/0452.png
./nofire/train/nofire_0298.jpg,./nofire/train/0314.png
./nofire/train/nofire_0891.jpg,./nofire/train/0894.png
./nofire/train/nofire_0200.jpg,./nofire/train/0214.png
./nofire/train/nofire_0808.jpg,./nofire/train/0819.png
./nofire/train/nofire_0211.jpg,./nofire/train/0227.png
./nofire/train/nofire_0862.jpg,./nofire/train/0868.png
./nofire/train/nofire_0651.jpg,./nofire/train/0666.png
./nofire/train/nofire_0879.jpg,./nofire/train/0882.png
./nofire/train/nofire_0935.jpg,./nofire/train/0934.png
./nofire/train/nofire_0847.jpg,./nofire/train/0852.png
./nofire/train/nofire_0179.jpg,./nofire/train/0192.png
./nofire/train/nofire_0366.jpg,./nofire/train/0377.png
./nofire/train/nofire_0629.jpg,./nofire/train/0646.png
./nofire/train/nofire_0540.jpg,./nofire/train/0554.png
./nofire/train/nofire_0069.jpg,./nofire/train/0076.png
./nofire/train/nofire_0414.jpg,./nofire/train/0425.png
./nofire/train/nofire_0102.jpg,./nofire/train/0113.png
./nofire/train/nofire_0627.jpg,./nofire/train/0644.png
./nofire/train/nofire_0355.jpg,./nofire/train/0366.png
./nofire/train/nofire_0636.jpg,./nofire/train/0651.png
./nofire/train/nofire_0682.jpg,./nofire/train/0695.png
./nofire/train/nofire_0029.jpg,./nofire/train/0031.png
./nofire/train/nofire_0243.jpg,./nofire/train/0258.png
./nofire/train/nofire_0789.jpg,./nofire/train/0797.png
./nofire/train/nofire_0235.jpg,./nofire/train/0252.png
./nofire/train/nofire_0662.jpg,./nofire/train/0675.png
./nofire/train/nofire_0947.jpg,./nofire/train/0947.png
./nofire/train/nofire_0014.jpg,./nofire/train/0011.png
./nofire/train/nofire_0161.jpg,./nofire/train/0173.png
./nofire/train/nofire_0399.jpg,./nofire/train/0411.png
./nofire/train/nofire_0125.jpg,./nofire/train/0141.png
./nofire/train/nofire_0210.jpg,./nofire/train/0225.png
./nofire/train/nofire_0375.jpg,./nofire/train/0386.png
./nofire/train/nofire_0860.jpg,./nofire/train/0865.png
./nofire/train/nofire_0244.jpg,./nofire/train/0260.png
./nofire/train/nofire_0746.jpg,./nofire/train/0759.png
./nofire/train/nofire_0088.jpg,./nofire/train/0094.png
./nofire/train/nofire_0213.jpg,./nofire/train/0228.png
./nofire/train/nofire_0752.jpg,./nofire/train/0764.png
./nofire/train/nofire_0041.jpg,./nofire/train/0044.png
./nofire/train/nofire_0403.jpg,./nofire/train/0415.png
./nofire/train/nofire_0408.jpg,./nofire/train/0419.png
./nofire/train/nofire_0718.jpg,./nofire/train/0732.png
./nofire/train/nofire_0519.jpg,./nofire/train/0537.png
./nofire/train/nofire_0474.jpg,./nofire/train/0487.png
./nofire/train/nofire_0363.jpg,./nofire/train/0374.png
./nofire/train/nofire_0775.jpg,./nofire/train/0783.png
./nofire/train/nofire_0001.jpg,./nofire/train/0000.png
./nofire/train/nofire_0565.jpg,./nofire/train/0577.png
./nofire/train/nofire_0920.jpg,./nofire/train/0922.png
./nofire/train/nofire_0743.jpg,./nofire/train/0755.png
./nofire/train/nofire_0438.jpg,./nofire/train/0450.png
./nofire/train/nofire_0378.jpg,./nofire/train/0391.png
./nofire/train/nofire_0582.jpg,./nofire/train/0592.png
./nofire/train/nofire_0228.jpg,./nofire/train/0243.png
./nofire/train/nofire_0508.jpg,./nofire/train/0526.png
./nofire/train/nofire_0054.jpg,./nofire/train/0061.png
./nofire/train/nofire_0528.jpg,./nofire/train/0544.png
./nofire/train/nofire_0897.jpg,./nofire/train/0901.png
./nofire/train/nofire_0429.jpg,./nofire/train/0441.png
./nofire/train/nofire_0827.jpg,./nofire/train/0835.png
./nofire/train/nofire_0931.jpg,./nofire/train/0931.png
./nofire/train/nofire_0170.jpg,./nofire/train/0181.png
./nofire/train/nofire_0810.jpg,./nofire/train/0820.png
./nofire/train/nofire_0005.jpg,./nofire/train/0005.png
./nofire/train/nofire_0328.jpg,./nofire/train/0340.png
./nofire/train/nofire_0482.jpg,./nofire/train/0499.png
./nofire/train/nofire_0168.jpg,./nofire/train/0179.png
./nofire/train/nofire_0418.jpg,./nofire/train/0431.png
./nofire/train/nofire_0249.jpg,./nofire/train/0266.png
./nofire/train/nofire_0590.jpg,./nofire/train/0603.png
./nofire/train/nofire_0559.jpg,./nofire/train/0571.png
./nofire/train/nofire_0254.jpg,./nofire/train/0271.png
./nofire/train/nofire_0057.jpg,./nofire/train/0064.png
./nofire/train/nofire_0467.jpg,./nofire/train/0481.png
./nofire/train/nofire_0239.jpg,./nofire/train/0255.png
./nofire/train/nofire_0348.jpg,./nofire/train/0358.png
./nofire/train/nofire_0020.jpg,./nofire/train/0021.png
./nofire/train/nofire_0527.jpg,./nofire/train/0543.png
./nofire/train/nofire_0653.jpg,./nofire/train/0667.png
./nofire/train/nofire_0551.jpg,./nofire/train/0564.png
./nofire/train/nofire_0858.jpg,./nofire/train/0863.png
./nofire/train/nofire_0426.jpg,./nofire/train/0438.png
./nofire/train/nofire_0695.jpg,./nofire/train/0708.png
./nofire/train/nofire_0410.jpg,./nofire/train/0421.png
./nofire/train/nofire_0541.jpg,./nofire/train/0555.png
./nofire/train/nofire_0890.jpg,./nofire/train/0893.png
./nofire/train/nofire_0688.jpg,./nofire/train/0701.png
./nofire/train/nofire_0425.jpg,./nofire/train/0437.png
./nofire/train/nofire_0345.jpg,./nofire/train/0356.png
./nofire/train/nofire_0231.jpg,./nofire/train/0246.png
./nofire/train/nofire_0417.jpg,./nofire/train/0430.png
./nofire/train/nofire_0880.jpg,./nofire/train/0884.png
./nofire/train/nofire_0083.jpg,./nofire/train/0089.png
./nofire/train/nofire_0606.jpg,./nofire/train/0621.png
./nofire/train/nofire_0359.jpg,./nofire/train/0369.png
./nofire/train/nofire_0255.jpg,./nofire/train/0272.png
./nofire/train/nofire_0874.jpg,./nofire/train/0878.png
./nofire/train/nofire_0500.jpg,./nofire/train/0516.png
./nofire/train/nofire_0123.jpg,./nofire/train/0139.png